INSERT IGNORE company (status, legformcomp, company_name, taxidnum, usrle)
VALUES 
('Ген.Подрядчик','ООО','"ГенподряднаяКомпания"','3333333333','3333333333333'),
('Подрядчик','ООО','"ПодряднаяКомпания"','2222222222','2222222222222'),
('Инвестор','ООО','"Инвестор"','1111111111','1111111111111'),
('Заказчик','ООО','"Заказчик"','4444444444','4444444444444'),
('Ген.проектировщик','ООО','"Проектировщик"','5555555555','5555555555555'),
('Поставщик','ООО','Поставщик','6666666666','6666666666666'),
('Субподрядчик','ООО','Субподрядчик','7777777777','7777777777777'),
('Поставщик','ООО','Поставщик1','8888888888','8888888888888'),
('Поставщик','ООО','Поставщик2','9999999999','9999999999999')
;


INSERT profiles (Regdate, actual_address, legal_address, authorized_capital)
VALUES 
('11.04.2007', '040620, Волгоградская область, город Клин, проезд Будапештсткая, 23', '040620, Волгоградская область, город Клин, проезд Будапештсткая, 23', '1716411'),
('11.04.2018', '040620, Волгоградская область, город Клин, проезд Будапештсткая, 24', '040620, Волгоградская область, город Клин, проезд Будапештсткая, 24', '3910685'),
('11.04.2003', '730466, Кировская область, город Дорохово, пл. Ладыгина, 97', '730466, Кировская область, город Дорохово, пл. Ладыгина, 97', '8143302'),
('04.10.2018', '730466, Кировская область, город Дорохово, пл. Ладыгина, 98', '730466, Кировская область, город Дорохово, пл. Ладыгина, 98', '9157664'),
('11.04.2003', '918408, Смоленская область, город Орехово-Зуево, спуск Будапештсткая, 24', '918408, Смоленская область, город Орехово-Зуево, спуск Будапештсткая, 24', '3634905'),
('11.04.2019', '918408, Смоленская область, город Орехово-Зуево, спуск Будапештсткая, 25', '918408, Смоленская область, город Орехово-Зуево, спуск Будапештсткая, 25', '3900717'),
('11.04.2005', '428948, Вологодская область, город Можайск, спуск Космонавтов, 96', '428948, Вологодская область, город Можайск, спуск Космонавтов, 96', '9489567'),
('04.10.2019', '428948, Вологодская область, город Можайск, спуск Космонавтов, 97', '428948, Вологодская область, город Можайск, спуск Космонавтов, 97', '3023794'),
('07.11.2009', '499450, Костромская область, город Подольск, пр. Гоголя, 42', '499450, Костромская область, город Подольск, пр. Гоголя, 42', '2039475'),
('11.04.2020', '499450, Костромская область, город Подольск, пр. Гоголя, 43', '499450, Костромская область, город Подольск, пр. Гоголя, 43', '9208443'),
('11.04.2008', '531351, Ленинградская область, город Зарайск, пер. Космонавтов, 23', '531351, Ленинградская область, город Зарайск, пер. Космонавтов, 23', '4009106'),
('04.10.2020', '531351, Ленинградская область, город Зарайск, пер. Космонавтов, 24', '531351, Ленинградская область, город Зарайск, пер. Космонавтов, 24', '1845195'),
('07.11.2010', '399983, Смоленская область, город Дмитров, ул. Будапештсткая, 63', '399983, Смоленская область, город Дмитров, ул. Будапештсткая, 63', '9714206'),
('11.04.2021', '399983, Смоленская область, город Дмитров, ул. Будапештсткая, 64', '399983, Смоленская область, город Дмитров, ул. Будапештсткая, 64', '4814860'),
('11.04.2011', '568665, Белгородская область, город Чехов, пл. Гоголя, 30', '568665, Белгородская область, город Чехов, пл. Гоголя, 30', '6818961'),
('11.04.2019', '568665, Белгородская область, город Чехов, пл. Гоголя, 31', '568665, Белгородская область, город Чехов, пл. Гоголя, 31', '4925704'),
('11.04.2006', '721584, Астраханская область, город Одинцово, пл. Ленина, 81', '721584, Астраханская область, город Одинцово, пл. Ленина, 81', '4872079'),
('04.10.2019', '721584, Астраханская область, город Одинцово, пл. Ленина, 82', '721584, Астраханская область, город Одинцово, пл. Ленина, 82', '6483390'),
('07.11.2009', '602823, Псковская область, город Чехов, въезд Домодедовская, 98', '602823, Псковская область, город Чехов, въезд Домодедовская, 98', '6631199'),
('11.04.2020', '602823, Псковская область, город Чехов, въезд Домодедовская, 99', '602823, Псковская область, город Чехов, въезд Домодедовская, 99', '692816'),
('11.04.2009', '813289, Томская область, город Чехов, наб. Ладыгина, 83', '813289, Томская область, город Чехов, наб. Ладыгина, 83', '2200571'),
('04.10.2020', '813289, Томская область, город Чехов, наб. Ладыгина, 84', '813289, Томская область, город Чехов, наб. Ладыгина, 84', '1951066'),
('07.11.2010', '344583, Волгоградская область, город Подольск, въезд Ломоносова, 18', '344583, Волгоградская область, город Подольск, въезд Ломоносова, 18', '5992251'),
('11.04.2021', '344583, Волгоградская область, город Подольск, въезд Ломоносова, 19', '344583, Волгоградская область, город Подольск, въезд Ломоносова, 19', '7587329'),
('11.04.2012', '256336, Смоленская область, город Раменское, бульвар Балканская, 11', '256336, Смоленская область, город Раменское, бульвар Балканская, 11', '625261'),
('04.10.2021', '256336, Смоленская область, город Раменское, бульвар Балканская, 12', '256336, Смоленская область, город Раменское, бульвар Балканская, 12', '5966818'),
('07.11.2011', '807203, Смоленская область, город Кашира, пл. Славы, 90', '807203, Смоленская область, город Кашира, пл. Славы, 90', '6572851'),
('11.04.2000', '807203, Смоленская область, город Кашира, пл. Славы, 91', '807203, Смоленская область, город Кашира, пл. Славы, 91', '1084359'),
('11.04.2001', '091198, Липецкая область, город Клин, пл. Бухарестская, 88', '091198, Липецкая область, город Клин, пл. Бухарестская, 88', '5909527'),
('11.04.2020', '091198, Липецкая область, город Клин, пл. Бухарестская, 89', '091198, Липецкая область, город Клин, пл. Бухарестская, 89', '1182769'),
('11.04.2010', '937077, Челябинская область, город Талдом, ул. Ленина, 24', '937077, Челябинская область, город Талдом, ул. Ленина, 24', '6135410'),
('04.10.2020', '937077, Челябинская область, город Талдом, ул. Ленина, 25', '937077, Челябинская область, город Талдом, ул. Ленина, 25', '3821735'),
('07.11.2010', '126107, Липецкая область, город Домодедово, ул. Гоголя, 62', '126107, Липецкая область, город Домодедово, ул. Гоголя, 62', '2746487'),
('11.04.2021', '126107, Липецкая область, город Домодедово, ул. Гоголя, 63', '126107, Липецкая область, город Домодедово, ул. Гоголя, 63', '4655961'),
('11.04.2013', '394307, Томская область, город Домодедово, бульвар Косиора, 82', '394307, Томская область, город Домодедово, бульвар Косиора, 82', '6919289'),
('04.10.2001', '394307, Томская область, город Домодедово, бульвар Косиора, 83', '394307, Томская область, город Домодедово, бульвар Косиора, 83', '1319166'),
('07.11.2011', '798974, Белгородская область, город Егорьевск, проезд Чехова, 05', '798974, Белгородская область, город Егорьевск, проезд Чехова, 05', '5818582'),
('11.04.2001', '798974, Белгородская область, город Егорьевск, проезд Чехова, 06', '798974, Белгородская область, город Егорьевск, проезд Чехова, 06', '744912'),
('11.04.2002', '634894, Омская область, город Мытищи, пр. Чехова, 74', '634894, Омская область, город Мытищи, пр. Чехова, 74', '9598247'),
('04.10.2018', '634894, Омская область, город Мытищи, пр. Чехова, 75', '634894, Омская область, город Мытищи, пр. Чехова, 75', '9941201'),
('07.11.2012', '996086, Вологодская область, город Дорохово, ул. Космонавтов, 82', '996086, Вологодская область, город Дорохово, ул. Космонавтов, 82', '9104430'),
('11.04.2004', '996086, Вологодская область, город Дорохово, ул. Космонавтов, 83', '996086, Вологодская область, город Дорохово, ул. Космонавтов, 83', '2494002'),
('11.04.2005', '996086, Вологодская область, город Дорохово, ул. Космонавтов, 84', '996086, Вологодская область, город Дорохово, ул. Космонавтов, 84', '7090618'),
('11.04.2021', '996086, Вологодская область, город Дорохово, ул. Космонавтов, 85', '996086, Вологодская область, город Дорохово, ул. Космонавтов, 85', '8750864'),
('11.04.2000', '996086, Вологодская область, город Дорохово, ул. Космонавтов, 86', '996086, Вологодская область, город Дорохово, ул. Космонавтов, 86', '4091144'),
('04.10.2017', '996086, Вологодская область, город Дорохово, ул. Космонавтов, 87', '996086, Вологодская область, город Дорохово, ул. Космонавтов, 87', '3724852'),
('07.11.2011', '996086, Вологодская область, город Дорохово, ул. Космонавтов, 88', '996086, Вологодская область, город Дорохово, ул. Космонавтов, 88', '6081476'),
('11.04.2002', '996086, Вологодская область, город Дорохово, ул. Космонавтов, 89', '996086, Вологодская область, город Дорохово, ул. Космонавтов, 89', '4700893'),
('11.04.2003', '996086, Вологодская область, город Дорохово, ул. Космонавтов, 90', '996086, Вологодская область, город Дорохово, ул. Космонавтов, 90', '2144312'),
('04.10.2018', '996086, Вологодская область, город Дорохово, ул. Космонавтов, 91', '996086, Вологодская область, город Дорохово, ул. Космонавтов, 91', '7256575'),
('07.11.2012', '515259, Читинская область, город Серебряные Пруды, наб. Балканская, 54', '515259, Читинская область, город Серебряные Пруды, наб. Балканская, 54', '802479'),
('11.04.2005', '515259, Читинская область, город Серебряные Пруды, наб. Балканская, 55', '515259, Читинская область, город Серебряные Пруды, наб. Балканская, 55', '3542145'),
('11.04.2006', '515259, Читинская область, город Серебряные Пруды, наб. Балканская, 56', '515259, Читинская область, город Серебряные Пруды, наб. Балканская, 56', '3817485'),
('11.04.2002', '515259, Читинская область, город Серебряные Пруды, наб. Балканская, 57', '515259, Читинская область, город Серебряные Пруды, наб. Балканская, 57', '9936380'),
('07.11.2013', '515259, Читинская область, город Серебряные Пруды, наб. Балканская, 58', '515259, Читинская область, город Серебряные Пруды, наб. Балканская, 58', '1473568'),
('11.04.2008', '515259, Читинская область, город Серебряные Пруды, наб. Балканская, 59', '515259, Читинская область, город Серебряные Пруды, наб. Балканская, 59', '3253653'),
('11.04.2009', '515259, Читинская область, город Серебряные Пруды, наб. Балканская, 60', '515259, Читинская область, город Серебряные Пруды, наб. Балканская, 60', '8848997'),
('11.04.2003', '515259, Читинская область, город Серебряные Пруды, наб. Балканская, 61', '515259, Читинская область, город Серебряные Пруды, наб. Балканская, 61', '6766288'),
('11.04.2004', '258297, Кемеровская область, город Дорохово, спуск Ленина, 90', '258297, Кемеровская область, город Дорохово, спуск Ленина, 90', '3438017'),
('04.10.2019', '258297, Кемеровская область, город Дорохово, спуск Ленина, 91', '258297, Кемеровская область, город Дорохово, спуск Ленина, 91', '3210003'),
('07.11.2012', '258297, Кемеровская область, город Дорохово, спуск Ленина, 92', '258297, Кемеровская область, город Дорохово, спуск Ленина, 92', '3499332'),
('11.04.2006', '258297, Кемеровская область, город Дорохово, спуск Ленина, 93', '258297, Кемеровская область, город Дорохово, спуск Ленина, 93', '9035995'),
('11.04.2007', '258297, Кемеровская область, город Дорохово, спуск Ленина, 94', '258297, Кемеровская область, город Дорохово, спуск Ленина, 94', '5103822'),
('11.04.2003', '258297, Кемеровская область, город Дорохово, спуск Ленина, 95', '258297, Кемеровская область, город Дорохово, спуск Ленина, 95', '1176452'),
('07.11.2013', '794904, Магаданская область, город Дмитров, бульвар Сталина, 88', '794904, Магаданская область, город Дмитров, бульвар Сталина, 88', '4993534'),
('11.04.2009', '794904, Магаданская область, город Дмитров, бульвар Сталина, 89', '794904, Магаданская область, город Дмитров, бульвар Сталина, 89', '2523022'),
('11.04.2010', '794904, Магаданская область, город Дмитров, бульвар Сталина, 90', '794904, Магаданская область, город Дмитров, бульвар Сталина, 90', '307150'),
('11.04.2003', '794904, Магаданская область, город Дмитров, бульвар Сталина, 91', '794904, Магаданская область, город Дмитров, бульвар Сталина, 91', '3168838'),
('07.11.2014', '794904, Магаданская область, город Дмитров, бульвар Сталина, 92', '794904, Магаданская область, город Дмитров, бульвар Сталина, 92', '7781499'),
('11.04.2012', '794904, Магаданская область, город Дмитров, бульвар Сталина, 93', '794904, Магаданская область, город Дмитров, бульвар Сталина, 93', '8269625'),
('11.04.2001', '970262, Ленинградская область, город Сергиев Посад, пр. Бухарестская, 70', '970262, Ленинградская область, город Сергиев Посад, пр. Бухарестская, 70', '4335813'),
('11.04.2007', '970262, Ленинградская область, город Сергиев Посад, пр. Бухарестская, 71', '970262, Ленинградская область, город Сергиев Посад, пр. Бухарестская, 71', '1590307'),
('11.04.2008', '970262, Ленинградская область, город Сергиев Посад, пр. Бухарестская, 72', '970262, Ленинградская область, город Сергиев Посад, пр. Бухарестская, 72', '9110917'),
('11.04.2003', '970262, Ленинградская область, город Сергиев Посад, пр. Бухарестская, 73', '970262, Ленинградская область, город Сергиев Посад, пр. Бухарестская, 73', '4573576'),
('07.11.2013', '970262, Ленинградская область, город Сергиев Посад, пр. Бухарестская, 74', '970262, Ленинградская область, город Сергиев Посад, пр. Бухарестская, 74', '5003669'),
('11.04.2010', '970262, Ленинградская область, город Сергиев Посад, пр. Бухарестская, 75', '970262, Ленинградская область, город Сергиев Посад, пр. Бухарестская, 75', '5484819'),
('11.04.2011', '970262, Ленинградская область, город Сергиев Посад, пр. Бухарестская, 76', '970262, Ленинградская область, город Сергиев Посад, пр. Бухарестская, 76', '1541923'),
('11.04.2002', '970262, Ленинградская область, город Сергиев Посад, пр. Бухарестская, 77', '970262, Ленинградская область, город Сергиев Посад, пр. Бухарестская, 77', '7343037'),
('07.11.2014', '201418, Астраханская область, город Егорьевск, ул. Сталина, 35', '201418, Астраханская область, город Егорьевск, ул. Сталина, 35', '9324174'),
('11.04.2013', '201418, Астраханская область, город Егорьевск, ул. Сталина, 36', '201418, Астраханская область, город Егорьевск, ул. Сталина, 36', '1847770'),
('11.04.2002', '201418, Астраханская область, город Егорьевск, ул. Сталина, 37', '201418, Астраханская область, город Егорьевск, ул. Сталина, 37', '1314694'),
('11.04.2003', '201418, Астраханская область, город Егорьевск, ул. Сталина, 38', '201418, Астраханская область, город Егорьевск, ул. Сталина, 38', '5800438'),
('07.11.2015', '201418, Астраханская область, город Егорьевск, ул. Сталина, 39', '201418, Астраханская область, город Егорьевск, ул. Сталина, 39', '3645815'),
('11.04.2001', '201418, Астраханская область, город Егорьевск, ул. Сталина, 40', '201418, Астраханская область, город Егорьевск, ул. Сталина, 40', '7657887'),
('11.04.2005', '595941, Белгородская область, город Дмитров, проезд 1905 года, 83', '595941, Белгородская область, город Дмитров, проезд 1905 года, 83', '4769756'),
('11.04.2011', '595941, Белгородская область, город Дмитров, проезд 1905 года, 84', '595941, Белгородская область, город Дмитров, проезд 1905 года, 84', '9313944'),
('11.04.2000', '595941, Белгородская область, город Дмитров, проезд 1905 года, 85', '595941, Белгородская область, город Дмитров, проезд 1905 года, 85', '1967695'),
('11.04.2003', '595941, Белгородская область, город Дмитров, проезд 1905 года, 86', '595941, Белгородская область, город Дмитров, проезд 1905 года, 86', '217783'),
('07.11.2014', '076801, Иркутская область, город Мытищи, пер. Космонавтов, 82', '076801, Иркутская область, город Мытищи, пер. Космонавтов, 82', '6318845'),
('11.04.2014', '076801, Иркутская область, город Мытищи, пер. Космонавтов, 83', '076801, Иркутская область, город Мытищи, пер. Космонавтов, 83', '7988496'),
('11.04.2003', '076801, Иркутская область, город Мытищи, пер. Космонавтов, 84', '076801, Иркутская область, город Мытищи, пер. Космонавтов, 84', '7234202'),
('11.04.2003', '971775, Брянская область, город Красногорск, бульвар Ломоносова, 91', '971775, Брянская область, город Красногорск, бульвар Ломоносова, 91', '3073434'),
('07.11.2015', '971775, Брянская область, город Красногорск, бульвар Ломоносова, 92', '971775, Брянская область, город Красногорск, бульвар Ломоносова, 92', '6277393'),
('11.04.2002', '971775, Брянская область, город Красногорск, бульвар Ломоносова, 93', '971775, Брянская область, город Красногорск, бульвар Ломоносова, 93', '5251000'),
('11.04.2006', '971775, Брянская область, город Красногорск, бульвар Ломоносова, 94', '971775, Брянская область, город Красногорск, бульвар Ломоносова, 94', '5103793'),
('11.04.2003', '971775, Брянская область, город Красногорск, бульвар Ломоносова, 95', '971775, Брянская область, город Красногорск, бульвар Ломоносова, 95', '7462565'),
('07.11.2016', '971775, Брянская область, город Красногорск, бульвар Ломоносова, 96', '971775, Брянская область, город Красногорск, бульвар Ломоносова, 96', '4498440'),
('11.04.2005', '971775, Брянская область, город Красногорск, бульвар Ломоносова, 97', '971775, Брянская область, город Красногорск, бульвар Ломоносова, 97', '9651154'),
('11.04.2009', '971775, Брянская область, город Красногорск, бульвар Ломоносова, 98', '971775, Брянская область, город Красногорск, бульвар Ломоносова, 98', '8477866'),
('11.04.2000', '971775, Брянская область, город Красногорск, бульвар Ломоносова, 99', '971775, Брянская область, город Красногорск, бульвар Ломоносова, 99', '5459525'),
('11.04.2004', '971775, Брянская область, город Красногорск, бульвар Ломоносова, 100', '971775, Брянская область, город Красногорск, бульвар Ломоносова, 100', '616170'),
('11.04.2002', '493409, Самарская область, город Ногинск, въезд Ладыгина, 75', '493409, Самарская область, город Ногинск, въезд Ладыгина, 75', '4352470'),
('07.11.2015', '493409, Самарская область, город Ногинск, въезд Ладыгина, 76', '493409, Самарская область, город Ногинск, въезд Ладыгина, 76', '2083664'),
('11.04.2003', '493409, Самарская область, город Ногинск, въезд Ладыгина, 77', '493409, Самарская область, город Ногинск, въезд Ладыгина, 77', '3061107'),
('11.04.2007', '493409, Самарская область, город Ногинск, въезд Ладыгина, 78', '493409, Самарская область, город Ногинск, въезд Ладыгина, 78', '952860'),
('11.04.2003', '217453, Брянская область, город Красногорск, шоссе Будапештсткая, 88', '217453, Брянская область, город Красногорск, шоссе Будапештсткая, 88', '1810825'),
('07.11.2016', '217453, Брянская область, город Красногорск, шоссе Будапештсткая, 89', '217453, Брянская область, город Красногорск, шоссе Будапештсткая, 89', '5082575'),
('11.04.2006', '217453, Брянская область, город Красногорск, шоссе Будапештсткая, 90', '217453, Брянская область, город Красногорск, шоссе Будапештсткая, 90', '4420701'),
('11.04.2010', '217453, Брянская область, город Красногорск, шоссе Будапештсткая, 91', '217453, Брянская область, город Красногорск, шоссе Будапештсткая, 91', '4848297'),
('11.04.2003', '561540, Астраханская область, город Талдом, въезд Гоголя, 11', '561540, Астраханская область, город Талдом, въезд Гоголя, 11', '5196313'),
('07.11.2017', '561540, Астраханская область, город Талдом, въезд Гоголя, 12', '561540, Астраханская область, город Талдом, въезд Гоголя, 12', '2233698'),
('11.04.2009', '491554, Курская область, город Лотошино, пр. Гоголя, 29', '491554, Курская область, город Лотошино, пр. Гоголя, 29', '2912696'),
('11.04.2013', '491554, Курская область, город Лотошино, пр. Гоголя, 30', '491554, Курская область, город Лотошино, пр. Гоголя, 30', '7021473'),
('11.04.2004', '491554, Курская область, город Лотошино, пр. Гоголя, 31', '491554, Курская область, город Лотошино, пр. Гоголя, 31', '3266178'),
('11.04.2008', '491554, Курская область, город Лотошино, пр. Гоголя, 32', '491554, Курская область, город Лотошино, пр. Гоголя, 32', '7651743'),
('11.04.2003', '491554, Курская область, город Лотошино, пр. Гоголя, 33', '491554, Курская область, город Лотошино, пр. Гоголя, 33', '4113882'),
('07.11.2016', '491554, Курская область, город Лотошино, пр. Гоголя, 34', '491554, Курская область, город Лотошино, пр. Гоголя, 34', '8499698'),
('11.04.2007', '499713, Белгородская область, город Сергиев Посад, въезд Славы, 80', '499713, Белгородская область, город Сергиев Посад, въезд Славы, 80', '9582803'),
('11.04.2011', '499713, Белгородская область, город Сергиев Посад, въезд Славы, 81', '499713, Белгородская область, город Сергиев Посад, въезд Славы, 81', '9486242'),
('11.04.2003', '499713, Белгородская область, город Сергиев Посад, въезд Славы, 82', '499713, Белгородская область, город Сергиев Посад, въезд Славы, 82', '4972904'),
('07.11.2017', '499713, Белгородская область, город Сергиев Посад, въезд Славы, 83', '499713, Белгородская область, город Сергиев Посад, въезд Славы, 83', '3287119'),
('11.04.2010', '499713, Белгородская область, город Сергиев Посад, въезд Славы, 84', '499713, Белгородская область, город Сергиев Посад, въезд Славы, 84', '9539452'),
('11.04.2014', '499713, Белгородская область, город Сергиев Посад, въезд Славы, 85', '499713, Белгородская область, город Сергиев Посад, въезд Славы, 85', '7436250'),
('11.04.2003', '573670, Иркутская область, город Лотошино, бульвар Ленина, 12', '573670, Иркутская область, город Лотошино, бульвар Ленина, 12', '5610595'),
('11.04.2000', '573670, Иркутская область, город Лотошино, бульвар Ленина, 14', '573670, Иркутская область, город Лотошино, бульвар Ленина, 14', '3940249'),
('11.04.2016', '573670, Иркутская область, город Лотошино, бульвар Ленина, 15', '573670, Иркутская область, город Лотошино, бульвар Ленина, 15', '8306844'),
('11.04.2008', '573670, Иркутская область, город Лотошино, бульвар Ленина, 16', '573670, Иркутская область, город Лотошино, бульвар Ленина, 16', '1410914'),
('11.04.2012', '573670, Иркутская область, город Лотошино, бульвар Ленина, 17', '573670, Иркутская область, город Лотошино, бульвар Ленина, 17', '738910'),
('11.04.2002', '269762, Кировская область, город Подольск, пл. Славы, 34', '269762, Кировская область, город Подольск, пл. Славы, 34', '1690924'),
('07.11.2017', '269762, Кировская область, город Подольск, пл. Славы, 35', '269762, Кировская область, город Подольск, пл. Славы, 35', '9366825'),
('11.04.2011', '269762, Кировская область, город Подольск, пл. Славы, 36', '269762, Кировская область, город Подольск, пл. Славы, 36', '2837434'),
('11.04.2015', '269762, Кировская область, город Подольск, пл. Славы, 37', '269762, Кировская область, город Подольск, пл. Славы, 37', '8581505'),
('11.04.2003', '269762, Кировская область, город Подольск, пл. Славы, 38', '269762, Кировская область, город Подольск, пл. Славы, 38', '3449855')
;


INSERT IGNORE state (state_id,profession_state, surname_state, name_state, patronymic_state, email_state, phone_state, status_state)
VALUES 
('1', 'Генеалог', 'Гуляев', 'Ева', 'Валериевич', 'user1@outlook.com', '+7(000)000-00-01', 'Уволен'),
('1', 'Стенограф', 'Трофимов', 'Дарья', 'Фёдорович', 'user2@yahoo.com', '+7(000)000-00-02', 'Уволен'),
('2', 'Режиссёры', 'Ситников', 'Варвара', 'Викторович', 'user3@yahoo.ca', '+7(000)000-00-03', 'Уволен'),
('4', 'Социолог', 'Трублаевский', 'Константин', 'Богданович', 'user4@verizon.net', '+7(000)000-00-04', 'Работает'),
('139', 'Бизнес-аналитик ', 'Михеев', 'Мия', 'Артёмович', 'user5@mac.com', '+7(000)000-00-05', 'Уволен')
;

INSERT IGNORE constructions (status_constructions, num_constructions, name_constructions, address_constructions)
VALUES 
('Строится', '101', 'Объект1', 'Москва'),
('Проект', '102', 'Объект2', 'Тула'),
('Строится', '103', 'Объект3', 'Воронеж'),
('Проект', '104', 'Объект4', 'Белгород'),
('Проект', '105', 'Объект5', 'Геленджик'),
('Строится', '106', 'Объект6', 'Москва'),
('Проект', '107', 'Объект7', 'Санкт-Петербург'),
('Строится', '108', 'Объект8', 'Рязань'),
('Проект', '109', 'Объект9', 'Курск'),
('Строится', '110', 'Объект10', 'Смоленск'),
('Проект', '111', 'Объект11', 'Джакарта'),
('Проект', '112', 'Объект12', 'Эр-Рияд'),
('Строится', '113', 'Объект13', 'Хартум'),
('Строится', '114', 'Объект14', 'Дакка'),
('Проект', '115', 'Объект15', 'Фунафути'),
('Строится', '116', 'Объект16', 'Порт-Вила'),
('Проект', '117', 'Объект17', 'Берн'),
('Строится', '118', 'Объект18', 'Дили'),
('Проект', '119', 'Объект19', 'Манила'),
('Строится', '120', 'Объект20', 'Порт-Луи'),
('Проект', '121', 'Объект21', 'Бисау'),
('Проект', '122', 'Объект22', 'Душанбе'),
('Строится', '123', 'Объект23', 'Будапешт'),
('Проект', '124', 'Объект24', 'Браззавиль'),
('Завершен', '125', 'Объект25', 'Лилонгве'),
('Строится', '126', 'Объект26', 'Тирана'),
('Проект', '127', 'Объект27', 'Кигали'),
('Строится', '128', 'Объект28', 'Киев'),
('Проект', '129', 'Объект29', 'Кабул'),
('Проект', '130', 'Объект30', 'Кингстаун'),
('Строится', '131', 'Объект31', 'Абуджа'),
('Строится', '132', 'Объект32', 'Нджамена'),
('Проект', '133', 'Объект33', 'Пномпень'),
('Строится', '134', 'Объект34', 'Браззавиль'),
('Проект', '135', 'Объект35', 'Мбабане'),
('Проект', '136', 'Объект36', 'Кингстон'),
('Строится', '137', 'Объект37', 'Сан-Хосе'),
('Проект', '138', 'Объект38', 'Ниамей'),
('Строится', '139', 'Объект39', 'Катманду'),
('Проект', '140', 'Объект40', 'Сараево'),
('Строится', '141', 'Объект41', 'Варшава'),
('Проект', '142', 'Объект42', 'Вена'),
('Строится', '143', 'Объект43', 'Додома'),
('Проект', '144', 'Объект44', 'Москва'),
('Проект', '145', 'Объект45', 'Асунсьон'),
('Строится', '146', 'Объект46', 'Пхеньян'),
('Проект', '147', 'Объект47', 'Бисау'),
('Завершен', '148', 'Объект48', 'Сингапур'),
('Строится', '149', 'Объект49', 'Могадишо'),
('Проект', '150', 'Объект50', 'Бухарест')
;

INSERT IGNORE materials (materials_id, name_materials, article_materials, unit_materials, volume_materials)
VALUES 
('1', 'PKFY-P20 VBM-Е Внутренний блок настенного типа', 'NULL', 'шт','4'),
('1', 'PKFY-P25 VBM-E Внутренний блок настенного типа', 'NULL', 'шт', '1'),
('2', 'PKFY-P32 VHM-E Внутренний блок настенного типа', 'NULL', 'шт', '2'),
('1', 'PKFY-P63 VKM-E Внутренний блок настенного типа', 'NULL', 'шт', '3'),
('3', 'PKFY-P100 VKM-E Внутренний блок настенного типа', 'NULL', 'шт', '1'),
('1', 'PEFY-P20 VMА-ER1 Внутренний блок канального типа', 'NULL', 'шт', '5');


INSERT IGNORE contract (contract_id, constructions_id, status_contract, Regdate, num_contract, name_contract, system_section)
VALUES 
('1', '2', 'Подписан', '02.07.2019', '101', '101 Объект1', 'Вентиляция'),
('2', '1', 'Подписан', '17.07.2019', '102', '102 Объект2', 'Водоснабжение'),
('3', '1', 'Завершен', '01.08.2019', '103', '103 Объект3', 'Отопление'),
('4', '32', 'Завершен', '08.08.2019', '104', '104 Объект4', 'Кондиционирование'),
('5', '41', 'КП', '19.08.2019', '105', '105 Объект5', 'Пожаротушение'),
('6', '48', 'Подписан', '30.08.2019', '106', '106 Объект6', 'Канализация'),
('7', '11', 'КП', '04.09.2019', '107', '107 Объект7', 'Вентиляция'),
('8', '10', 'КП', '06.09.2019', '108', '108 Объект8', 'Водоснабжение'),
('9', '8', 'КП', '13.09.2019', '109', '109 Объект9', 'Отопление'),
('10', '50', 'Завершен', '19.09.2019', '110', '110 Объект10', 'Кондиционирование'),
('11', '1', 'Подписан', '24.09.2019', '111', '111 Объект11', 'Пожаротушение'),
('12', '17', 'КП', '07.10.2019', '112', '112 Объект12', 'Канализация'),
('13', '7', 'Завершен', '24.10.2019', '113', '113 Объект13', 'Вентиляция'),
('14', '27', 'Подписан', '25.11.2019', '114', '114 Объект14', 'Водоснабжение'),
('15', '38', 'Завершен', '02.12.2019', '115', '115 Объект15', 'Отопление'),
('16', '39', 'Завершен', '03.12.2019', '116', '116 Объект16', 'Кондиционирование'),
('17', '2', 'Завершен', '09.12.2019', '117', '117 Объект17', 'Пожаротушение'),
('18', '42', 'Подписан', '12.12.2019', '118', '118 Объект18', 'Канализация'),
('19', '6', 'КП', '15.01.2020', '119', '119 Объект19', 'Вентиляция'),
('20', '26', 'КП', '22.01.2020', '120', '120 Объект20', 'Водоснабжение'),
('21', '34', 'Завершен', '29.01.2020', '121', '121 Объект21', 'Отопление'),
('22', '21', 'Подписан', '05.02.2020', '122', '122 Объект22', 'Кондиционирование'),
('23', '24', 'КП', '12.02.2020', '123', '123 Объект23', 'Пожаротушение'),
('24', '14', 'Завершен', '20.02.2020', '124', '124 Объект24', 'Канализация'),
('25', '45', 'Подписан', '26.02.2020', '125', '125 Объект25', 'Вентиляция'),
('26', '37', 'Завершен', '28.02.2020', '126', '126 Объект26', 'Водоснабжение'),
('27', '5', 'Завершен', '10.03.2020', '127', '127 Объект27', 'Отопление'),
('28', '49', 'КП', '17.03.2020', '128', '128 Объект28', 'Кондиционирование'),
('29', '12', 'Завершен', '26.03.2020', '129', '129 Объект29', 'Пожаротушение'),
('30', '44', 'Подписан', '27.03.2020', '130', '130 Объект30', 'Канализация'),
('31', '28', 'Подписан', '22.04.2020', '131', '131 Объект31', 'Вентиляция'),
('32', '35', 'Подписан', '05.05.2020', '132', '132 Объект32', 'Водоснабжение'),
('33', '47', 'Завершен', '06.05.2020', '133', '133 Объект33', 'Отопление'),
('34', '15', 'Подписан', '11.05.2020', '134', '134 Объект34', 'Кондиционирование'),
('35', '3', 'Завершен', '15.05.2020', '135', '135 Объект35', 'Пожаротушение'),
('36', '9', 'Завершен', '01.06.2020', '136', '136 Объект36', 'Канализация'),
('37', '16', 'КП', '03.06.2020', '137', '137 Объект37', 'Вентиляция'),
('38', '25', 'Завершен', '18.06.2020', '138', '138 Объект38', 'Водоснабжение'),
('39', '36', 'Подписан', '17.07.2020', '139', '139 Объект39', 'Отопление'),
('40', '33', 'Подписан', '20.07.2020', '140', '140 Объект40', 'Кондиционирование'),
('41', '29', 'Подписан', '04.08.2020', '141', '141 Объект41', 'Пожаротушение'),
('42', '20', 'Завершен', '20.08.2020', '142', '142 Объект42', 'Канализация'),
('43', '43', 'КП', '01.09.2020', '143', '143 Объект43', 'Вентиляция'),
('44', '19', 'Завершен', '10.09.2020', '144', '144 Объект44', 'Водоснабжение'),
('45', '46', 'Завершен', '25.09.2020', '145', '145 Объект45', 'Отопление'),
('46', '18', 'Завершен', '30.09.2020', '146', '146 Объект46', 'Кондиционирование'),
('47', '40', 'КП', '05.10.2020', '147', '147 Объект47', 'Пожаротушение'),
('48', '30', 'Завершен', '07.10.2020', '148', '148 Объект48', 'Канализация'),
('49', '23', 'Подписан', '08.10.2020', '149', '149 Объект49', 'Вентиляция'),
('50', '13', 'Подписан', '13.10.2020', '150', '150 Объект50', 'Водоснабжение')

;


INSERT IGNORE content_contract (content_contract_id, name_content_contract, article_content_contract, unit_content_contract, volume_content_contract, unitpricework_content_contract, unitpricematerials_content_contract)
VALUES 
('1', 'PKFY-P20 VBM-Е Внутренний блок настенного типа', 'NULL', 'шт', '4', 'NULL', '50058,42'),
('2', 'PKFY-P25 VBM-E Внутренний блок настенного типа', 'NULL', 'шт', '1', 'NULL', '51576,65'),
('3', 'PKFY-P32 VHM-E Внутренний блок настенного типа', 'NULL', 'шт', '2', 'NULL', '53788,94'),
('4', 'PKFY-P63 VKM-E Внутренний блок настенного типа', 'NULL', 'шт', '3', 'NULL', '65284,16'),
('5', 'PKFY-P100 VKM-E Внутренний блок настенного типа', 'NULL', 'шт', '1', 'NULL', '80596,65'),
('6', 'PEFY-P20 VMА-ER1 Внутренний блок канального типа', 'NULL', 'шт', '5', 'NULL', '73092,23'),
('7', 'PEFY-P25 VMA-ER1 Внутренний блок канального типа', 'NULL', 'шт', '4', 'NULL', '78124,1'),
('8', 'PEFY-P50 VMA-ER1 Внутренний блок канального типа', 'NULL', 'шт', '4', 'NULL', '84197,04'),
('9', 'PEFY-P40 VMA-ER1 Внутренний блок канального типа', 'NULL', 'шт', '1', 'NULL', '79512,2'),
('10', 'PEFY-P63 VMA-ER1 Внутренний блок канального типа', 'NULL', 'шт', '1', 'NULL', '88491,48'),
('11', 'PEFY-P100 VMA-Е Внутренний блок канального типа', 'NULL', 'шт', '5', 'NULL', '109963,68'),
('12', 'PEFY-P140 VMA-E Внутренний блок канального типа', 'NULL', 'шт', '6', 'NULL', '130351,42'),
('13', 'CMY-Y 200 VBK2 (ME) объединитель блоков PUHY-P700~900/YSHM-A', 'NULL', 'шт', '1', 'NULL', '10497,52'),
('14', 'CMY-Y 300 VBK3 объединитель блоков PUHY-P950~1350YSKB/ EP650~1350YSLM', 'NULL', 'шт', '2', 'NULL', '19390,05'),
('15', 'CMY-Y 102 SS-G2 (ME) разветвитель', 'NULL', 'шт', '21', 'NULL', '7894,83'),
('16', 'CMY-Y 102 LS-G2 (ME) разветвитель', 'NULL', 'шт', '6', 'NULL', '8588,88'),
('17', 'CMY-Y 202 S-G2 (МЕ) разветвитель', 'NULL', 'шт', '4', 'NULL', '10497,52'),
('18', 'CMY-Y 302 S-G2 (МЕ) разветвитель', 'NULL', 'шт', '3', 'NULL', '13707,5'),
('19', 'PUHZ-P200 YKA Наружный блок', 'NULL', 'шт', '2', 'NULL', '251235,72'),
('20', 'PEAD-M35JA Внутренний блок канального типа', 'NULL', 'шт', '1', 'NULL', '40507,21'),
('21', 'PUHZ-ZRP35 VKA Наружный блок DELUXE POWER Inverter', 'NULL', 'шт', '1', 'NULL', '105881,46'),
('22', 'PAR-40MAAG-J Полнофункциональный проводной пульт управления', 'NULL', 'шт', '19', 'NULL', '10060,4'),
('23', 'AE-200E Многофункциональный центральный контроллер', 'NULL', 'шт', '1', 'NULL', '186959,94'),
('24', 'ME-AC MBS 100 прибор для интеграции систем', 'NULL', 'шт', '1', 'NULL', '230849,32'),
('25', 'PAC-SJ95MA-E Конвертер для подключения к сигнальной линии M-NET', 'NULL', 'шт', '16', 'NULL', '12883,32'),
('26', 'PCA-M140 КA Внутренний блок подвесного типа', 'NULL', 'шт', '2', 'NULL', '86393,31'),
('27', 'PUHZ-P140YKA Наружный блок', 'NULL', 'шт', '2', 'NULL', '175393,32'),
('28', 'PCA-M125 КA Внутренний блок подвесного типа', 'NULL', 'шт', '4', 'NULL', '84779,64'),
('29', 'PUHZ-P125YKA Наружный блок', 'NULL', 'шт', '4', 'NULL', '158429,12'),
('30', 'PEA-RP250GAQ Внутренний блок канального типа', 'NULL', 'шт', '2', 'NULL', '83827,99'),
('31', 'PUHZ-P250 YKA Наружный блок', 'NULL', 'шт', '2', 'NULL', '294266,88'),
('32', 'PAC-SJ96MA-E Конвертер для подключения к сигнальной линии M-NET', 'NULL', 'шт', '2', 'NULL', '12362,78'),
('33', 'Защитная панель от ветра PAC-SH 95 AG-E (Россия)', 'NULL', 'шт', '10', 'NULL', '7007,24'),
('34', 'AE-50E контроллер', 'NULL', 'шт', '1', 'NULL', '186959,94'),
('35', 'PUHY-P350 YNW-A.TH-BS Наружный блок', 'NULL', 'шт', '2', 'NULL', '657830,05'),
('36', 'PUHY-P400 YNW-A.TH-BS Наружный блок', 'NULL', 'шт', '3', 'NULL', '767793,73'),
('37', 'PUHY-P450 YNW-A.TH-BS Наружный блок', 'NULL', 'шт', '3', 'NULL', '862878,7')
;

INSERT IGNORE account (account_id, from_company_account_id, to_company_account_id, reference_number, Regdate, status_contract)
VALUES 
('1', '23', '121', '№20-0008669', '11.06.2019', 'Неоплачен'),
('2', '58', '71', '№28160', '14.06.2019', 'Неоплачен'),
('3', '121', '84', '№74', '02.07.2019', 'Оплачен'),
('4', '71', '107', '№12323', '18.07.2019', 'Неоплачен'),
('5', '84', '17', '№151-ГГ', '05.07.2019', 'Оплачен'),
('6', '107', '90', '№312', '28.08.2019', 'Оплачен'),
('7', '17', '52', '№4374', '23.08.2019', 'Оплачен'),
('8', '90', '121', '№352', '28.08.2019', 'Оплачен'),
('9', '52', '124', '№44006', '03.09.2019', 'Неоплачен'),
('10', '121', '79', '№15610', '02.09.2019', 'Оплачен'),
('11', '124', '62', '№6035', '13.09.2019', 'Неоплачен'),
('12', '79', '68', '№10802', '16.07.2020', 'Оплачен'),
('13', '62', '46', '№34', '19.09.2019', 'Неоплачен'),
('14', '68', '71', '№6145', '19.09.2019', 'Оплачен'),
('15', '46', '62', '№20599', '16.09.2019', 'Неоплачен'),
('16', '71', '133', '№105', '16.09.2019', 'Оплачен'),
('17', '62', '120', '№55', '17.09.2019', 'Оплачен'),
('18', '133', '75', '№47368', '18.09.2019', 'Оплачен'),
('19', '120', '113', '№822', '17.09.2019', 'Неоплачен'),
('20', '75', '115', '№01923', '17.09.2019', 'Неоплачен'),
('21', '113', '29', '№6234', '23.09.2019', 'Неоплачен'),
('22', '115', '25', '№4264', '16.09.2019', 'Неоплачен'),
('23', '29', '48', '№4398', '26.09.2019', 'Оплачен'),
('24', '25', '120', '№16380', '23.09.2019', 'Неоплачен'),
('25', '48', '42', '№УТ-1838', '25.09.2019', 'Оплачен'),
('26', '120', '12', '№360850', '02.10.2019', 'Оплачен'),
('27', '42', '72', '№361148', '03.10.2019', 'Оплачен'),
('28', '12', '18', '№17719', '03.10.2019', 'Оплачен'),
('29', '72', '52', '№637', '03.10.2019', 'Неоплачен'),
('30', '18', '128', '№18172', '30.09.2019', 'Оплачен'),
('31', '52', '98', '№366816', '07.10.2019', 'Неоплачен'),
('32', '128', '32', '№6370892', '05.09.2019', 'Оплачен'),
('33', '98', '9', 'П-3728', '03.10.2019', 'Неоплачен'),
('34', '32', '101', '88-069', '07.10.2019', 'Оплачен'),
('35', '9', '42', '№18594', '03.10.2020', 'Неоплачен'),
('36', '101', '3', '№17833', '02.10.2020', 'Оплачен'),
('37', '42', '8', '№6546', '03.10.2020', 'Оплачен'),
('38', '3', '139', '№666', '09.10.2019', 'Оплачен'),
('39', '8', '131', '№УТ-24299', '03.10.2020', 'Неоплачен'),
('40', '139', '30', '№1910-100100-64869', '09.10.2019', 'Неоплачен'),
('41', '131', '43', '№752', '04.10.2019', 'Неоплачен'),
('42', '30', '131', '№УТ-6369', '04.10.2019', 'Неоплачен'),
('43', '43', '80', '№ЮФ-4333', '30.09.2019', 'Оплачен'),
('44', '131', '132', '№6263', '27.09.2020', 'Неоплачен'),
('45', '80', '31', '№Y1909270006', '27.09.2020', 'Оплачен'),
('46', '132', '8', '№8047', '27.09.2020', 'Оплачен'),
('47', '31', '121', '№6661', '27.09.2020', 'Оплачен'),
('48', '8', '71', '№СИ9101-2076', '26.09.2020', 'Оплачен'),
('49', '13', '84', '№27727', '27.09.2019', 'Неоплачен'),
('50', '125', '107', '№1', '01.10.2020', 'Оплачен'),
('51', '48', '17', '№2260', '30.09.2020', 'Неоплачен'),
('52', '19', '90', '№915', '03.10.2019', 'Оплачен'),
('53', '47', '52', '№УТ4851', '03.10.2019', 'Неоплачен'),
('54', '13', '121', '№ЮФ-4409', '03.10.2019', 'Оплачен'),
('55', '4', '124', '№Р-7278', '04.10.2019', 'Неоплачен'),
('56', '97', '79', '№Е-00366518', '11.10.2019', 'Оплачен'),
('57', '121', '62', '№Счт/SVN-0005129', '10.10.2019', 'Оплачен'),
('58', '14', '68', '№976', '30.09.2020', 'Оплачен'),
('59', '38', '46', '№35527', '14.10.2019', 'Неоплачен'),
('60', '52', '71', '№8835', '15.10.2019', 'Неоплачен'),
('61', '96', '62', '№451', '15.10.2019', 'Неоплачен'),
('62', '35', '133', '№19-00661539807', '16.10.2019', 'Неоплачен'),
('63', '37', '120', '№132', '10.10.2019', 'Оплачен'),
('64', '119', '75', '№28', '21.10.2019', 'Неоплачен'),
('65', '81', '113', '№2494', '22.10.2019', 'Оплачен'),
('66', '26', '115', '№Y1910220010', '22.10.2019', 'Оплачен'),
('67', '6', '29', '№190434', '16.10.2019', 'Оплачен'),
('68', '9', '25', '№0103', '23.10.2019', 'Оплачен'),
('69', '112', '48', 'МММ5026511087', '30.12.1899', 'Неоплачен'),
('70', '35', '120', 'МММ5026511087', '30.12.1899', 'Оплачен'),
('71', '82', '42', '№415', '07.11.2019', 'Неоплачен'),
('72', '101', '12', '№19-00082176665', '07.11.2019', 'Оплачен'),
('73', '40', '72', '№08995', '08.11.2019.', 'Неоплачен'),
('74', '72', '18', '№7797', '25.11.2020', 'Оплачен'),
('75', '43', '52', '№7991', '02.12.2019', 'Неоплачен'),
('76', '79', '128', '№157', '25.11.2019', 'Оплачен'),
('77', '29', '98', '№109049-01', '30.12.1899', 'Оплачен'),
('78', '62', '32', '№115238', '22.11.2020', 'Оплачен'),
('79', '89', '9', '№9358', '05.11.2019', 'Неоплачен'),
('80', '13', '101', '№109049-01', '30.12.1899', 'Неоплачен'),
('81', '124', '42', '№109049-01', '30.12.1899', 'Неоплачен'),
('82', '15', '3', '№20-0017521', '21.11.2019', 'Неоплачен'),
('83', '24', '8', '№120527', '06.12.2019', 'Оплачен'),
('84', '49', '139', '№8146', '07.12.2019', 'Неоплачен'),
('85', '112', '131', '№16452', '05.12.2019', 'Оплачен'),
('86', '68', '30', '№2973', '06.12.2019', 'Оплачен'),
('87', '50', '43', '№38014', '09.12.2019', 'Оплачен'),
('88', '41', '131', '№2984', '09.12.2019', 'Оплачен'),
('89', '112', '121', '№38011', '09.12.2019', 'Неоплачен'),
('90', '58', '71', '№2912', '09.12.2019', 'Оплачен'),
('91', '129', '84', '№УТ-16819', '05.12.2019', 'Неоплачен'),
('92', '76', '107', '№RT-54907', '10.12.2019', 'Оплачен'),
('93', '101', '17', '№43160', '10.12.2019', 'Неоплачен'),
('94', '124', '90', '№27623', '10.12.2019', 'Оплачен'),
('95', '2', '52', '', '30.12.1899', 'Неоплачен'),
('96', '101', '121', '№28316', '17.12.2019', 'Оплачен'),
('97', '125', '124', '№515', '02.12.2019', 'Оплачен'),
('98', '13', '79', '№2973', '06.12.2019', 'Оплачен'),
('99', '78', '62', '№124296', '17.12.2019', 'Неоплачен'),
('100', '128', '68', '№124723', '18.12.2019', 'Неоплачен'),
('101', '13', '46', '№28536', '19.12.2019', 'Неоплачен'),
('102', '96', '71', '№17091', '20.12.2019', 'Неоплачен'),
('103', '22', '62', '№УТ-17552', '19.12.2019', 'Оплачен'),
('104', '8', '133', '№169', '18.12.2019', 'Неоплачен'),
('105', '22', '120', '№428', '12.12.2019', 'Оплачен'),
('106', '18', '75', '№СМЛ12240001', '24.12.2019', 'Оплачен'),
('107', '22', '113', '№1311', '16.12.2019', 'Оплачен'),
('108', '55', '115', '№324/208147/324', '09.01.2020', 'Оплачен'),
('109', '105', '29', '№324/208150/324', '10.01.2020', 'Неоплачен'),
('110', '135', '25', '№01', '10.01.2020', 'Оплачен'),
('111', '71', '48', '№26111', '10.01.2020', 'Неоплачен'),
('112', '132', '120', '№99', '13.01.2020', 'Оплачен'),
('113', '11', '42', '№П058', '13.01.2020', 'Неоплачен'),
('114', '81', '12', '№РТ64', '13.01.2020', 'Оплачен'),
('115', '38', '72', '№7', '15.01.2020', 'Неоплачен'),
('116', '32', '18', '№152', '15.01.2020', 'Оплачен'),
('117', '39', '52', '№645', '16.01.2020', 'Оплачен'),
('118', '91', '128', '№1965', '15.01.2020', 'Оплачен'),
('119', '32', '98', '№161', '14.01.2020', 'Неоплачен'),
('120', '113', '32', '№8858547/SA', '14.01.2020', 'Неоплачен'),
('121', '16', '9', '№196', '16.01.2020', 'Неоплачен'),
('122', '79', '101', '№33', '16.01.2020', 'Неоплачен'),
('123', '90', '42', '№7', '16.01.2020', 'Оплачен'),
('124', '5', '3', '№27', '17.01.2020', 'Неоплачен'),
('125', '115', '8', '№24', '17.01.2020', 'Оплачен'),
('126', '26', '139', '№91', '17.01.2020', 'Оплачен'),
('127', '91', '131', '№УТ-21', '17.01.2020', 'Оплачен'),
('128', '135', '30', '№3057', '17.01.2020', 'Оплачен'),
('129', '46', '43', '№3006', '17.01.2020', 'Неоплачен'),
('130', '100', '131', '№2973', '06.12.2019', 'Оплачен'),
('131', '35', '80', '№1348', '27.12.2019', 'Неоплачен'),
('132', '26', '121', '№600', '16.01.2020', 'Оплачен'),
('133', '23', '71', '№168', '16.01.2020', 'Неоплачен'),
('134', '58', '84', '№970', '14.01.2020', 'Оплачен'),
('135', '121', '107', '№ЦБ-35', '17.01.2020', 'Неоплачен'),
('136', '71', '17', '№862', '20.01.2020', 'Оплачен'),
('137', '84', '90', '№41', '20.01.2020', 'Оплачен'),
('138', '107', '52', '№1998', '20.01.2020', 'Оплачен'),
('139', '17', '121', '№276', '21.01.2020', 'Неоплачен'),
('140', '90', '124', '№46', '21.01.2020', 'Неоплачен'),
('141', '52', '79', '№324/20819/324', '20.01.2020', 'Неоплачен'),
('142', '121', '62', '№811', '20.01.2020', 'Неоплачен'),
('143', '124', '68', '№91', '17.01.2020', 'Оплачен'),
('144', '79', '46', '№361', '21.01.2020', 'Неоплачен'),
('145', '62', '71', '№183', '20.01.2020', 'Оплачен'),
('146', '68', '62', '№302', '22.01.2020', 'Оплачен'),
('147', '46', '133', '№62', '22.01.2020', 'Оплачен'),
('148', '71', '120', '№955', '21.01.2020', 'Оплачен'),
('149', '62', '75', '№1133', '22.01.2020', 'Неоплачен'),
('150', '133', '113', '№4041', '21.01.2020', 'Оплачен'),
('151', '120', '115', '№261', '20.01.2020', 'Неоплачен'),
('152', '75', '29', '№7', '22.01.2020', 'Оплачен'),
('153', '113', '25', '№А2654', '22.01.2020', 'Неоплачен'),
('154', '115', '48', '№101', '20.01.2020', 'Оплачен'),
('155', '29', '120', '№0210005566', '20.01.2020', 'Неоплачен'),
('156', '25', '42', '№36', '20.01.2020', 'Оплачен'),
('157', '48', '12', '№1058', '22.01.2020', 'Оплачен'),
('158', '120', '72', '№1057', '22.01.2020', 'Оплачен'),
('159', '42', '18', '№16', '22.01.2020', 'Неоплачен'),
('160', '12', '52', '№А2654', '22.01.2020', 'Неоплачен'),
('161', '72', '128', '№4552', '24.01.2020', 'Неоплачен'),
('162', '18', '98', '№3022', '17.01.2020', 'Неоплачен'),
('163', '52', '32', '№ЕС000000132', '27.01.2020', 'Оплачен'),
('164', '128', '9', '№1460', '27.01.2020', 'Неоплачен'),
('165', '98', '101', '№412', '27.01.2020', 'Оплачен'),
('166', '32', '42', '№1', '27.01.2020', 'Оплачен'),
('167', '9', '3', '№ЕС000000132', '27.01.2020', 'Оплачен'),
('168', '101', '8', '№П0279', '27.01.2020', 'Оплачен'),
('169', '42', '139', '№НЦ20-001121', '27.01.2020', 'Неоплачен'),
('170', '3', '131', '№6124', '27.01.2020', 'Оплачен'),
('171', '8', '30', '№349', '24.01.2020', 'Неоплачен'),
('172', '139', '43', '№178', '28.01.2020', 'Оплачен'),
('173', '131', '131', '№25', '28.01.2020', 'Неоплачен'),
('174', '30', '80', '№24', '28.01.2020', 'Оплачен'),
('175', '43', '132', '№6966', '28.01.2020', 'Неоплачен'),
('176', '131', '121', '№202881', '29.01.2020', 'Оплачен'),
('177', '80', '71', '№53', '28.01.2020', 'Оплачен'),
('178', '132', '84', '№УТ-31', '23.01.2020', 'Оплачен'),
('179', '31', '107', '№22', '22.01.2020', 'Неоплачен'),
('180', '8', '17', '№77', '15.01.2020', 'Неоплачен'),
('181', '13', '90', '№62', '14.01.2020', 'Неоплачен'),
('182', '125', '52', '№199', '22.01.2020', 'Неоплачен'),
('183', '48', '121', '№158', '20.01.2020', 'Оплачен'),
('184', '19', '124', '№А-10968', '10.01.2020', 'Неоплачен'),
('185', '47', '79', '№ЦБ-35', '16.01.2020', 'Оплачен'),
('186', '13', '62', '№ЦС00-000299', '10.01.2020', 'Оплачен'),
('187', '4', '68', '№ЦС00-000309', '16.01.2020', 'Оплачен'),
('188', '97', '46', '№411', '24.01.2020', 'Оплачен'),
('189', '121', '71', '№3', '23.01.2020', 'Неоплачен'),
('190', '14', '62', '№42', '20.01.2020', 'Оплачен'),
('191', '38', '133', '№253', '22.01.2020', 'Неоплачен'),
('192', '52', '120', '№20-0000922', '31.01.2020', 'Оплачен'),
('193', '96', '75', '№7777', '31.01.2020', 'Неоплачен'),
('194', '35', '113', '№7566', '30.01.2020', 'Оплачен'),
('195', '37', '115', '№7770', '30.01.2020', 'Неоплачен'),
('196', '119', '29', '№7565', '30.01.2020', 'Оплачен'),
('197', '81', '25', '№514', '31.01.2020', 'Оплачен'),
('198', '26', '48', '№УТ-20', '30.01.2020', 'Оплачен'),
('199', '6', '120', '№28', '29.01.2020', 'Неоплачен'),
('200', '9', '42', '№347', '24.01.2020', 'Неоплачен'),
('201', '112', '12', '№1', '21.01.2020', 'Неоплачен'),
('202', '35', '72', '№УТ-20', '30.01.2020', 'Неоплачен'),
('203', '82', '18', '№0450000901', '04.02.2020', 'Оплачен'),
('204', '101', '52', '№76', '01.02.2020', 'Неоплачен'),
('205', '40', '128', '№8599', '03.02.2020', 'Оплачен'),
('206', '72', '98', '№972', '05.02.2020', 'Оплачен'),
('207', '43', '32', '№9923', '05.02.2020', 'Оплачен'),
('208', '79', '9', '№8203', '05.02.2020', 'Оплачен'),
('209', '29', '101', '№8599', '03.02.2020', 'Неоплачен'),
('210', '62', '42', '№10802', '16.07.2020', 'Оплачен'),
('211', '89', '3', '№11897', '05.02.2020', 'Неоплачен'),
('212', '13', '121', '№577', '04.02.2010', 'Оплачен'),
('213', '124', '71', '№1476', '28.01.2020', 'Неоплачен'),
('214', '15', '84', '№52', '29.01.2020', 'Оплачен'),
('215', '24', '107', '№645', '06.02.2020', 'Неоплачен'),
('216', '49', '17', '№5', '06.02.2020', 'Оплачен'),
('217', '112', '90', '№1', '04.02.2020', 'Оплачен'),
('218', '68', '52', '№2', '05.02.2020', 'Оплачен'),
('219', '50', '121', '№57', '04.02.2020', 'Неоплачен'),
('220', '41', '124', '№11007', '07.02.2020', 'Неоплачен'),
('221', '112', '79', '№969', '07.02.2020', 'Неоплачен'),
('222', '58', '62', '№45', '06.02.2020', 'Неоплачен'),
('223', '129', '68', '№25', '28.01.2020', 'Оплачен'),
('224', '76', '46', '№27', '31.01.2020', 'Неоплачен'),
('225', '101', '71', '№29', '03.02.2020', 'Оплачен'),
('226', '124', '62', '№28', '27.01.2020', 'Оплачен'),
('227', '2', '133', '№44', '28.01.2020', 'Оплачен'),
('228', '101', '120', '№1104', '10.02.2020', 'Оплачен'),
('229', '125', '75', '№409', '10.02.2020', 'Неоплачен'),
('230', '13', '113', '№647', '10.02.2020', 'Оплачен'),
('231', '78', '115', '№3106', '10.02.2020', 'Неоплачен'),
('232', '128', '29', '№1081', '07.02.2020', 'Оплачен'),
('233', '13', '25', '№3213', '11.02.2020', 'Неоплачен'),
('234', '96', '48', '№8960526/Sa', '10.02.2020', 'Оплачен'),
('235', '22', '120', '№3288', '11.02.2020', 'Неоплачен'),
('236', '8', '42', '№482', '29.01.2010', 'Оплачен'),
('237', '22', '12', '№481', '29.01.2010', 'Оплачен'),
('238', '18', '72', '№12941', '12.02.2020', 'Оплачен'),
('239', '22', '18', '№8971263/SA', '12.02.2020', 'Неоплачен'),
('240', '55', '52', '№1210', '12.02.2020', 'Неоплачен'),
('241', '105', '128', '№01247', '12.02.2020', 'Неоплачен'),
('242', '135', '98', '№ТКНФ-130', '12.02.2020', 'Неоплачен'),
('243', '71', '32', '№48', '13.02.2020', 'Оплачен'),
('244', '132', '9', '№1102', '10.02.2020', 'Неоплачен'),
('245', '11', '101', '№1087', '07.02.2020', 'Оплачен'),
('246', '81', '42', '№1260', '12.02.2020', 'Оплачен'),
('247', '38', '3', '№021175629', '10.02.2020', 'Оплачен'),
('248', '32', '8', '№1263', '13.02.2020', 'Оплачен'),
('249', '39', '139', '№2771', '13.02.2020', 'Неоплачен'),
('250', '91', '131', '№УПД000109994', '12.02.2020', 'Оплачен'),
('251', '32', '30', '№2123', '13.02.2020', 'Неоплачен'),
('252', '113', '43', '№3618', '13.02.2020', 'Оплачен'),
('253', '16', '131', '№20-00081114098', '13.02.2020', 'Неоплачен'),
('254', '79', '121', '324/20856-2/324', '11.02.2020', 'Оплачен'),
('255', '90', '71', '324/20856-1/324', '11.02.2020', 'Неоплачен'),
('256', '5', '84', '№817', '14.02.2020', 'Оплачен'),
('257', '115', '107', '№854', '17.02.2020', 'Оплачен'),
('258', '26', '17', '№92', '17.02.2020', 'Оплачен'),
('259', '91', '90', '№ТКНФ-131', '12.02.2020', 'Неоплачен'),
('260', '135', '52', '№378', '17.02.2020', 'Неоплачен'),
('261', '46', '121', '№367', '14.02.2020', 'Неоплачен'),
('262', '100', '124', '№268', '13.02.2020', 'Неоплачен'),
('263', '35', '79', '№41', '17.02.2020', 'Оплачен'),
('264', '26', '62', '№4', '18.02.2020', 'Неоплачен'),
('265', '43', '68', '№400', '18.02.2020', 'Оплачен'),
('266', '45', '46', '№ТКНФ-151', '19.02.2020', 'Оплачен'),
('267', '68', '71', '№15547', '19.02.2020', 'Оплачен'),
('268', '127', '62', '№4337', '19.02.2020', 'Оплачен'),
('269', '116', '133', '№4195', '19.02.2020', 'Оплачен'),
('270', '72', '120', '№3101', '20.02.2020', 'Оплачен')

; 

INSERT IGNORE content_account (content_account_id, name_content_account, article_content_account, unit_content_account, volume_content_account, unitprice_content_account, sumprice_content_account)
VALUES 
('1', 'PKFY-P20 VBM-Е Внутренний блок настенного типа', 'NULL', 'шт', '4', '50058,42', '200233,68'),
('2', 'PKFY-P25 VBM-E Внутренний блок настенного типа', 'NULL', 'шт', '1', '51576,65', '51576,65'),
('3', 'PKFY-P32 VHM-E Внутренний блок настенного типа', 'NULL', 'шт', '2', '53788,94', '107577,88'),
('4', 'PKFY-P63 VKM-E Внутренний блок настенного типа', 'NULL', 'шт', '3', '65284,16', '195852,48'),
('5', 'PKFY-P100 VKM-E Внутренний блок настенного типа', 'NULL', 'шт', '1', '80596,65', '80596,65'),
('6', 'PEFY-P20 VMА-ER1 Внутренний блок канального типа', 'NULL', 'шт', '5', '73092,23', '365461,15'),
('7', 'PEFY-P25 VMA-ER1 Внутренний блок канального типа', 'NULL', 'шт', '4', '78124,1', '312496,4'),
('8', 'PEFY-P50 VMA-ER1 Внутренний блок канального типа', 'NULL', 'шт', '4', '84197,04', '336788,16'),
('9', 'PEFY-P40 VMA-ER1 Внутренний блок канального типа', 'NULL', 'шт', '1', '79512,2', '79512,2'),
('10', 'PEFY-P63 VMA-ER1 Внутренний блок канального типа', 'NULL', 'шт', '1', '88491,48', '88491,48'),
('11', 'PEFY-P100 VMA-Е Внутренний блок канального типа', 'NULL', 'шт', '5', '109963,68', '549818,4'),
('12', 'PEFY-P140 VMA-E Внутренний блок канального типа', 'NULL', 'шт', '6', '130351,42', '782108,52'),
('13', 'CMY-Y 200 VBK2 (ME) объединитель блоков PUHY-P700~900/YSHM-A', 'NULL', 'шт', '1', '10497,52', '10497,52'),
('14', 'CMY-Y 300 VBK3 объединитель блоков PUHY-P950~1350YSKB/ EP650~1350YSLM', 'NULL', 'шт', '2', '19390,05', '38780,1'),
('15', 'CMY-Y 102 SS-G2 (ME) разветвитель', 'NULL', 'шт', '21', '7894,83', '165791,43'),
('16', 'CMY-Y 102 LS-G2 (ME) разветвитель', 'NULL', 'шт', '6', '8588,88', '51533,28'),
('17', 'CMY-Y 202 S-G2 (МЕ) разветвитель', 'NULL', 'шт', '4', '10497,52', '41990,08'),
('18', 'CMY-Y 302 S-G2 (МЕ) разветвитель', 'NULL', 'шт', '3', '13707,5', '41122,5'),
('19', 'PUHZ-P200 YKA Наружный блок', 'NULL', 'шт', '2', '251235,72', '502471,44'),
('20', 'PEAD-M35JA Внутренний блок канального типа', 'NULL', 'шт', '1', '40507,21', '40507,21'),
('21', 'PUHZ-ZRP35 VKA Наружный блок DELUXE POWER Inverter', 'NULL', 'шт', '1', '105881,46', '105881,46'),
('22', 'PAR-40MAAG-J Полнофункциональный проводной пульт управления', 'NULL', 'шт', '19', '10060,4', '191147,6'),
('23', 'AE-200E Многофункциональный центральный контроллер', 'NULL', 'шт', '1', '186959,94', '186959,94'),
('24', 'ME-AC MBS 100 прибор для интеграции систем', 'NULL', 'шт', '1', '230849,32', '230849,32'),
('25', 'PAC-SJ95MA-E Конвертер для подключения к сигнальной линии M-NET', 'NULL', 'шт', '16', '12883,32', '206133,12'),
('26', 'PCA-M140 КA Внутренний блок подвесного типа', 'NULL', 'шт', '2', '86393,31', '172786,62'),
('27', 'PUHZ-P140YKA Наружный блок', 'NULL', 'шт', '2', '175393,32', '350786,64'),
('28', 'PCA-M125 КA Внутренний блок подвесного типа', 'NULL', 'шт', '4', '84779,64', '339118,56'),
('29', 'PUHZ-P125YKA Наружный блок', 'NULL', 'шт', '4', '158429,12', '633716,48'),
('30', 'PEA-RP250GAQ Внутренний блок канального типа', 'NULL', 'шт', '2', '83827,99', '167655,98'),
('31', 'PUHZ-P250 YKA Наружный блок', 'NULL', 'шт', '2', '294266,88', '588533,76'),
('32', 'PAC-SJ96MA-E Конвертер для подключения к сигнальной линии M-NET', 'NULL', 'шт', '2', '12362,78', '24725,56'),
('33', 'Защитная панель от ветра PAC-SH 95 AG-E (Россия)', 'NULL', 'шт', '10', '7007,24', '70072,4'),
('34', 'AE-50E контроллер', 'NULL', 'шт', '1', '186959,94', '186959,94'),
('35', 'PUHY-P350 YNW-A.TH-BS Наружный блок', 'NULL', 'шт', '2', '657830,05', '1315660,1'),
('36', 'PUHY-P400 YNW-A.TH-BS Наружный блок', 'NULL', 'шт', '3', '767793,73', '2303381,19'),
('37', 'PUHY-P450 YNW-A.TH-BS Наружный блок', 'NULL', 'шт', '3', '862878,7', '2588636,1')
;


INSERT IGNORE messages (from_company_id, to_company_id, reference_number, title_messages, Regdate, Message_note)
VALUES 
('1', '23', '№20-0008669', 'письмо', '11.06.2019', 'NULL'),
('2', '58', '№28160', 'договор', '14.06.2019', 'NULL'),
('5', '5', '№352', 'КП', '27.03.2020', 'NULL'),
('7', '87', '№44006', 'письмо', '22.04.2020', 'NULL'),
('8', '14', '№15610', 'договор', '05.05.2020', 'NULL'),
('51', '8', '№6035', 'КП', '06.05.2020', 'NULL'),
('8', '1', '№10802', 'письмо', '11.05.2020', 'NULL'),
('18', '81', '№34', 'договор', '15.05.2020', 'NULL'),
('1', '15', '№6145', 'КП', '01.06.2020', 'NULL')
;

INSERT IGNORE messages_body (body)
VALUES 
('Равным образом постоянный количественный рост и сфера нашей активности играет важную роль в формировании системы обучения кадров, соответствует насущным потребностям. Разнообразный и богатый опыт консультация с широким активом обеспечивает широкому кругу. Идейные соображения высшего порядка, а также дальнейшее развитие различных форм деятельности позволяет оценить значение новых предложений.'),
('Значимость этих проблем настолько очевидна, что консультация с широким активом играет важную роль в формировании новых предложений. Таким образом реализация намеченных плановых заданий позволяет оценить значение новых предложений. Идейные соображения высшего порядка, а также укрепление и развитие структуры играет важную роль в формировании существенных финансовых и административных условий.'),
('Значимость этих проблем настолько очевидна, что консультация с широким активом играет важную роль в формировании новых предложений. Если у вас есть какие то интересные предложения, обращайтесь! Студия Web-Boss всегда готова решить любую задачу.'),
('С другой стороны постоянное информационно- обеспечение нашей деятельности обеспечивает широкому кругу (специалистов) участие в формировании позиций, занимаемых участниками в отношении поставленных задач. Товарищи! постоянное информационно- обеспечение нашей деятельности позволяет выполнять важные задания по разработке модели развития.'),
('Таким образом новая модель организационной деятельности способствует подготовки и реализации систем массового участия. Значимость этих проблем настолько очевидна, что консультация с широким активом играет важную роль в формировании новых предложений.'),
('Если у вас есть какие то интересные предложения, обращайтесь! Студия Web-Boss всегда готова решить любую задачу. Идейные соображения высшего порядка, а также дальнейшее развитие различных форм деятельности позволяет оценить значение новых предложений.'),
('Повседневная практика показывает, что укрепление и развитие структуры обеспечивает широкому кругу (специалистов) участие в формировании дальнейших направлений развития. С другой стороны рамки и место обучения кадров способствует подготовки и реализации модели развития.'),
('Равным образом рамки и место обучения кадров влечет за собой процесс внедрения и модернизации системы обучения кадров, соответствует насущным потребностям. С другой стороны укрепление и развитие структуры обеспечивает участие в формировании систем массового участия.'),
('С другой стороны постоянное информационно- обеспечение нашей деятельности обеспечивает широкому кругу (специалистов) участие в формировании позиций, занимаемых участниками в отношении поставленных задач. Таким образом реализация намеченных плановых заданий позволяет оценить значение новых предложений. Равным образом рамки и место обучения кадров влечет за собой процесс внедрения и модернизации системы обучения кадров, соответствует насущным потребностям.')
;
